# DCA key follow: speed factor F = (12 + k) / 12, rows = key follow 0..9, columns = MIDI note 36..96
kf,36,37,38,39,40,41,42,43,44,45,46,47,48,49,50,51,52,53,54,55,56,57,58,59,60,61,62,63,64,65,66,67,68,69,70,71,72,73,74,75,76,77,78,79,80,81,82,83,84,85,86,87,88,89,90,91,92,93,94,95,96
0,0,0,0,0,0,0,0,0,0,0,0,0,0,0,0,0,0,0,0,0,0,0,0,0,0,0,0,0,0,0,0,0,0,0,0,0,0,0,0,0,0,0,0,0,0,0,0,0,0,0,0,0,0,0,0,0,0,0,0,0,0
1,0,0,0,0,0,0,0,0,0,0,0,0,0,0,0,0,0,0,0,0,0,0,0,0,0,0,0,0,0,0,0,0,0,0,0,0,0,0,0,0,0,1,1,1,1,1,1,1,1,1,1,1,1,2,2,2,2,2,2,3,3
2,0,0,0,0,0,0,0,0,0,0,0,0,0,0,0,0,0,0,0,0,0,0,0,0,0,0,0,0,0,1,1,1,1,1,1,1,1,1,1,1,2,2,2,2,3,3,3,4,4,4,5,5,6,6,7,8,8,9,10,11,12
3,0,0,0,0,0,0,0,0,0,0,0,0,0,0,0,0,0,0,0,1,1,1,1,1,1,1,1,1,1,1,2,2,2,2,2,2,2,2,3,3,3,4,4,5,5,6,7,7,8,9,9,10,11,12,13,14,15,16,17,19,20
4,0,0,0,0,0,0,0,0,0,0,0,0,0,0,0,0,0,0,0,1,1,1,1,1,1,1,1,1,2,2,2,2,3,3,3,4,4,4,5,5,6,7,7,8,9,10,11,11,12,13,15,16,18,20,22,24,27,30,33,36,40
5,0,0,0,0,0,0,0,0,0,0,0,0,0,0,0,0,1,1,1,1,1,1,2,2,2,2,2,3,3,3,3,3,4,4,5,5,6,7,7,8,9,10,11,12,13,14,15,17,18,20,23,26,29,33,37,42,47,53,60,67,76
6,0,0,0,0,0,0,0,0,0,0,0,0,0,0,0,1,1,1,1,1,1,2,2,2,2,2,3,3,3,4,4,5,5,6,7,7,8,9,10,10,11,13,14,15,16,18,20,22,24,27,31,36,41,46,53,60,69,78,89,102,116
7,0,0,0,0,0,0,1,1,1,1,1,1,1,1,1,1,1,2,2,2,2,2,2,3,3,3,4,4,5,5,6,6,7,8,9,9,10,11,12,13,15,16,18,20,22,24,28,32,36,42,49,56,65,76,88,101,118,136,158,183,212
8,0,0,0,0,0,0,1,1,1,1,1,1,1,1,1,1,1,2,2,2,2,2,2,3,3,3,4,4,5,6,7,8,9,10,11,13,14,16,17,19,21,24,26,29,32,36,40,44,48,57,68,80,95,113,134,159,188,223,264,314,372
9,0,0,0,0,0,0,0,1,1,1,1,1,1,1,1,1,2,2,2,2,3,3,3,4,4,4,6,6,8,8,10,10,12,12,14,16,16,18,20,20,24,28,32,36,40,44,52,60,69,82,98,117,140,167,199,238,285,340,438,564,727
