# DCW key follow: level codes subtracted from the DCW targets, rows = key follow 0..9, columns = key 36..96
kf,36,37,38,39,40,41,42,43,44,45,46,47,48,49,50,51,52,53,54,55,56,57,58,59,60,61,62,63,64,65,66,67,68,69,70,71,72,73,74,75,76,77,78,79,80,81,82,83,84,85,86,87,88,89,90,91,92,93,94,95,96
0,0,0,0,0,0,0,0,0,0,0,0,0,0,0,0,0,0,0,0,0,0,0,0,0,0,0,0,0,0,0,0,0,0,0,0,0,0,0,0,0,0,0,0,0,0,0,0,0,0,0,0,0,0,0,0,0,0,0,0,0,0
1,0,0,0,0,0,0,0,0,0,0,0,0,0,0,0,0,0,0,0,0,1,1,1,1,1,1,1,1,2,2,2,2,2,2,2,3,3,3,3,4,4,4,4,5,5,5,6,6,6,7,7,8,8,9,10,10,11,11,12,13,14
2,0,0,0,0,0,0,0,0,0,0,0,0,0,0,0,0,0,0,1,1,1,1,1,1,1,2,2,2,2,2,2,3,3,3,3,4,4,4,5,5,5,6,6,6,7,7,8,8,9,9,10,11,11,12,13,14,15,15,17,18,20
3,0,0,0,0,0,0,0,0,0,0,0,0,0,0,0,0,0,1,1,1,1,1,1,2,2,2,2,2,3,3,3,4,4,4,4,5,5,6,6,6,7,7,8,8,9,10,10,11,11,12,13,14,15,16,17,18,19,21,22,24,26
4,0,0,0,0,0,0,0,0,0,0,0,0,0,0,0,0,1,1,1,1,1,2,2,2,2,3,3,3,4,4,4,5,5,5,6,6,7,7,8,8,9,10,10,11,12,12,13,14,15,16,17,18,20,21,22,24,25,27,29,31,34
5,0,0,0,0,0,0,0,0,0,0,0,0,0,0,0,0,1,1,1,1,2,2,2,2,3,3,3,4,4,5,5,5,6,6,7,7,8,9,9,10,11,11,12,13,14,15,16,17,18,19,20,22,23,25,26,28,30,32,34,37,40
6,0,0,0,0,0,0,0,0,0,0,0,0,0,0,0,1,1,1,1,2,2,2,3,3,3,4,4,4,5,5,6,6,7,7,8,9,9,10,11,12,12,13,14,15,16,17,18,19,21,22,24,25,27,29,31,33,35,37,40,43,47
7,0,0,0,0,0,0,0,0,0,0,0,0,0,0,0,1,1,1,2,2,2,3,3,3,4,4,5,5,6,6,7,7,8,8,9,10,11,12,13,14,15,16,17,18,19,20,21,23,24,26,28,30,32,34,36,39,41,43,47,51,55
8,0,0,0,0,0,0,0,0,0,0,0,0,0,0,1,1,1,2,2,2,3,3,4,5,5,6,6,7,8,9,9,10,11,11,12,13,15,16,17,18,20,21,23,24,25,27,29,31,33,35,37,40,43,46,49,52,55,58,63,68,74
9,0,0,0,0,0,0,0,0,0,0,0,0,0,0,1,2,2,3,4,4,5,6,7,8,9,10,11,13,14,15,17,18,19,20,22,24,26,28,30,33,35,38,40,43,45,48,51,55,58,62,67,72,77,82,87,93,98,104,113,122,127
